assessment_id,name,competency_id,date_created
1,Assessment 1,51,2021-04-20
2,Assessment 2,21,2022-05-20
3,Assessment 3,85,2022-07-31
4,Assessment 4,59,2022-05-11
5,Assessment 5,2,2022-04-15
6,Assessment 6,10,2021-08-16
7,Assessment 7,85,2021-03-01
8,Assessment 8,51,2021-08-28
9,Assessment 9,82,2021-04-21
10,Assessment 10,86,2022-10-10
11,Assessment 11,53,2022-08-31
12,Assessment 12,39,2022-11-06
13,Assessment 13,81,2022-01-25
14,Assessment 14,4,2021-05-04
15,Assessment 15,39,2022-09-17
16,Assessment 16,85,2022-08-23
17,Assessment 17,42,2022-09-29
18,Assessment 18,68,2021-12-16
19,Assessment 19,74,2022-12-12
20,Assessment 20,30,2021-07-21
21,Assessment 21,55,2022-12-21
22,Assessment 22,2,2021-01-09
23,Assessment 23,12,2022-09-14
24,Assessment 24,15,2021-05-16
25,Assessment 25,60,2022-10-09
26,Assessment 26,70,2021-04-10
27,Assessment 27,31,2022-02-06
28,Assessment 28,98,2022-09-06
29,Assessment 29,85,2022-11-24
30,Assessment 30,16,2022-01-30
31,Assessment 31,46,2022-07-05
32,Assessment 32,50,2022-07-03
33,Assessment 33,90,2022-09-06
34,Assessment 34,82,2021-09-19
35,Assessment 35,25,2022-02-22
36,Assessment 36,59,2021-02-18
37,Assessment 37,80,2022-10-20
38,Assessment 38,42,2021-05-23
39,Assessment 39,30,2021-06-25
40,Assessment 40,3,2022-06-07
41,Assessment 41,32,2022-12-26
42,Assessment 42,89,2022-04-06
43,Assessment 43,82,2021-02-19
44,Assessment 44,68,2021-11-19
45,Assessment 45,2,2021-06-03
46,Assessment 46,63,2021-10-08
47,Assessment 47,14,2022-11-24
48,Assessment 48,78,2021-01-31
49,Assessment 49,29,2022-12-24
50,Assessment 50,15,2021-08-03
51,Assessment 51,91,2022-07-19
52,Assessment 52,2,2022-08-30
53,Assessment 53,50,2021-05-21
54,Assessment 54,11,2021-10-24
55,Assessment 55,70,2022-07-26
56,Assessment 56,19,2021-10-08
57,Assessment 57,27,2022-03-16
58,Assessment 58,51,2021-07-11
59,Assessment 59,63,2021-10-11
60,Assessment 60,74,2022-12-11
61,Assessment 61,80,2022-09-02
62,Assessment 62,59,2022-01-07
63,Assessment 63,80,2021-05-20
64,Assessment 64,100,2021-03-20
65,Assessment 65,6,2022-02-27
66,Assessment 66,2,2021-01-17
67,Assessment 67,69,2022-08-18
68,Assessment 68,13,2021-12-22
69,Assessment 69,66,2022-10-16
70,Assessment 70,78,2021-11-01
71,Assessment 71,86,2022-06-18
72,Assessment 72,88,2021-10-17
73,Assessment 73,32,2022-08-30
74,Assessment 74,68,2022-01-18
75,Assessment 75,9,2022-04-03
76,Assessment 76,14,2021-01-28
77,Assessment 77,11,2022-03-07
78,Assessment 78,47,2021-01-16
79,Assessment 79,90,2021-09-07
80,Assessment 80,81,2022-06-16
81,Assessment 81,71,2022-04-28
82,Assessment 82,34,2021-06-02
83,Assessment 83,64,2021-12-21
84,Assessment 84,88,2021-11-11
85,Assessment 85,99,2022-03-23
86,Assessment 86,92,2021-10-24
87,Assessment 87,66,2022-03-24
88,Assessment 88,25,2021-10-15
89,Assessment 89,8,2021-01-30
90,Assessment 90,81,2021-02-13
91,Assessment 91,3,2021-06-01
92,Assessment 92,2,2021-04-25
93,Assessment 93,70,2021-03-18
94,Assessment 94,89,2022-04-09
95,Assessment 95,28,2021-12-03
96,Assessment 96,16,2022-06-19
97,Assessment 97,83,2021-02-16
98,Assessment 98,80,2021-12-23
99,Assessment 99,25,2021-12-30
100,Assessment 100,32,2022-03-27
